word,count
having,5
THIS,5
know,22
impact,1
hits,2
see,25
raging,1
restaurants,1
but,39
Imagine,2
kwest,1
hmm,1
pcpartpicker,1
day!,1
checked,1
liking,1
mutual,1
aggressively,1
look,9
now,24
hiding,1
once,4
harder,1
Years,2
within,1
1000,1
One,7
explain,1
Haha,1
you,203
sample,1
Easy,1
instrumental,1
month!,1
Removed,1
permission,1
Later,1
(German,2
Tracker,1
distance,1
Nose,1
accept,2
Look,1
homeboys,2
Marvel,1
Villain,1
talk,9
science,1
into,10
than,7
hope,12
Issue,1
both,3
right,25
Intelligence,1
intercepts,1
Corinne!!,1
Trading,1
Post!,1
Uncle,1
all,41
corn,1
dog,1
Rock,1
boating,1
transforms,1
it's,16
Pikachu,1
Pelahatchie,1
boxing,1
Bay,1
able,2
leaving,1
jog,1
2020,1
arena,1
golf,1
i,58
lot,6
Trump-owned,1
so,66
$500K,1
happen,4
He,16
boys,3
for,106
never,17
live,10
Looks,2
find,10
twitter,2
BITCH,2
Like,8
don't,51
beautiful,8
our,19
selfies,2
used,4
that's,9
Can,9
good,19
Easter,28
retweeting,10
season,4
love,46
fight,2
had,21
am,13
Dear,10
over,18
of,143
attitude,2
You,34
A,34
murdered,11
shut,2
happy,14
relationship,6
who,42
with,89
getting,18
two,2
years,8
electronic,2
sources,3
usually,5
sure,9
2,11
RETWEET,5
first,18
tho,4
Twitter,8
To,13
His,3
you've,2
looks,7
them,20
boyfriends,2
Most,6
even,20
With,5
same,9
birthday,3
hurt,2
haven't,3
Please,12
corroborate,2
do,34
Game,3
u,20
video,25
part,7
can,41
Phil,1
re-election,1
efforts,1
tab,1
hotels,1
clubs,1
destiny,1
roller,1
POSTING,1
RT,1
REALIZE,1
BADLY,1
ANXIETY/PANIC/PARANOIA,1
spring,1
break's,1
fate,1
wished,1
worthy,1
blunt,1
noooo,1
one,37
THINGS,1
NOT,1
nifty,1
EFFECT,1
mit,1
PEOPLE,1
bubs,1
hw,1
teeth,1
always,13
Llewellyn,3
Jesus,5
Friends!,3
songs,1
poems,1
together!,1
reminds,1
sitting,2
fic,1
gogogo,1
Meet,1
cheerleader,1
helping,1
Andrei,3
Vasilescu,3
(@ArcaneMajesty,3
haha,1
eastern's,1
alike,1
underestimate,1
Thread,1
OR,2
experienced,1
E363630,2
STOP,2
MIL,1
salary,1
5,7
made,10
guess,1
kawaii,1
hs,1
student,1
let,11
Shawn,1
memories,1
cheated,1
Rice,1
anti-blaqpill,1
$30,1
measure,1
Francesco,1
Edoardo,1
bitch,8
case,3
$172K,1
plate,3
middle,4
Moreno,1
show,8
despite,1
times,6
thought,5
family,11
school,5
running,4
start,7
lyrics,2
because,17
still,22
your,52
crazy,6
brother,2
See,3
IT,2
how,31
religion,2
It's,11
think,22
come,10
death,3
YOU,12
oh,2
Well,4
welcome,6
licence,2
rider,7
experience,2
kinds,2
sense,2
has,25
DO,2
easy,9
us,11
behind,3
Stevie,3
or,25
these,10
forgot,2
Show,2
money,21
Oh,6
get,40
which,5
she's,4
after,15
came,11
man,38
cut,2
whole,5
WITH,6
much,19
definitely,2
possible,4
new,14
worth,3
where,3
Now,3
favorite,3
moment,8
down,14
read,4
face,2
fact,3
poise,2
rationality,2
better,13
day,34
his,27
Fusion,2
anything,6
note,2
Family,5
We'll,2
found,7
2016,2
CAN,2
ELSE,2
purpose,5
Ford,2
about,22
minute,1
Pls,1
Australian,1
weekend!,1
Got,3
pushing,1
bitched,1
if,33
according,1
events,1
soo,1
funniest,1
Dad,1
gave,1
copy,1
&lt;333,1
Ben-Hur,1
wins,1
Molinari,1
carried,1
Mc,1
chasing,1
throw,2
When,19
managed,1
match,1
keon!,1
Only,3
REALIZED,1
notice,2
WATCHING!,1
hello,1
god,4
Nazi,1
pals,1
named,3
driver,1
114,1
60,1
Thompson,1
This,45
animal!!,1
completing,1
Sorry,1
up!,1
Steve,3
old,8
timeline,1
seemed,1
actually,6
saw,5
cookies,1
EXPLICITLY,1
hire,1
stated,1
gonna,10
volunteer,1
So,9
people/news,1
(,1
agendas,1
critical,1
condition,1
radio,1
constitutional,1
whatever,5
lmk!,1
Painting,1
HE'S,1
swear,3
Nudes,1
Rejection,3
Samantha,1
relaxes,1
Aye,1
Job,3
being,8
Moment,2
myself,8
Jeff,1
celebrates,1
Sessions,1
Don't,8
Damingo,1
haryanvi,1
studio,1
aint,1
Teen,3
around,7
Hope,4
All,4
Cleveland,31
eyes,4
stress,2
please,13
Brutal,3
van,2
useful,4
through,5
stopped,2
killer,3
2nd,4
district,2
nobody,2
everything,5
car,4
crying,4
level,2
most,6
any,7
point,2
worst,6
friends,7
else,5
You're,6
nigga,8
Are,6
an,18
won,2
long,6
Exactly,3
retweet,6
Instead,5
they're,2
Nathan,2
Police,2
reminder,3
alone,5
guys,3
shooting,4
posting,2
omg,4
ur,5
we,44
Would,2
bottle,2
stop,5
doing,13
dream,3
yet,3
yall,3
random,2
some,17
RIP,2
Ever,4
cutest,14
Why,9
why,21
date,4
put,8
got,16
everyone,12
He's,4
there,18
users,3
Basically,4
U,5
help,12
I've,24
white,4
WHO,2
woman,9
tweet,12
Say,3
Milton,1
Towed,1
court,1
Slow,1
Save,1
richest,1
fan,2
Adventures,1
Bro,1
GODDESS!,1
Chantelle,1
bathroom,1
expiration,1
hands,2
bottles,1
Sweet,1
ago,3
future,2
Uhh...because,1
bonded,1
hiring,1
member,1
Women's,1
compiler,1
weeks,1
heck,1
Its,1
Bayonet,1
Robert,6
Tag,1
GIRL,1
protest,1
LIVINGGGGGG,1
nothing,7
online,1
length,1
mil,1
views,1
nasty,1
nastyyyyy,1
model,1
general,1
Sounds,2
painted,1
Signs,1
decorated,1
Desperately,1
Need,1
de,1
Hire,1
Blog,1
pic,2
done,5
by,32
massages,1
Heard,1
express,1
Easter!,1
Yaar,1
Purane/latest,1
2017/,1
t.r.mandnia/inder,1
saini/vicky,1
chouhan/,1
Masturbate,1
midget,1
representation,1
*adds,1
list,1
Space,1
million,1
portrayed,1
market,1
doldrums,1
homes,1
estate,1
lowest,1
sin,1
held,1
role,1
island,2
minding,1
business,2
art,3
holding,1
INDICT,1
share,4
Florida,1
16,1
woohoo,1
won!,1
BH,1
Bye~~~~,1
via,5
dream!,1
Bye~~~,1
Cutiepie,1
wee,1
autographs,1
bogum,1
@MsCharlotteWWE,1
space,1
Tae,1
Division,1
went,9
girl,12
free,14
keep,7
did,10
|,8
smh,5
soul,3
excuse,3
Ends,2
song,4
trouble,2
friend,7
making,4
heart,16
late,4
lol,2
b4,2
something,14
visual,2
Go,2
armys,2
Where,6
already,3
spirit,2
you!,6
falls,2
tryna,3
slapped,3
books,2
thing,25
can't,18
way,9
out,37
liked,3
water,4
feel,8
Pretty,2
IS,10
Wall,2
tell,6
Finale,2
using,3
finds,3
Not,3
post,2
im,11
great,11
year,9
too,11
Migos,9
lost,11
safe,9
truly,3
college,2
should,5
/,3
you'll,5
ain't,6
true,5
time,20
stage,2
sweet,2
AM,2
this,102
bc,3
makes,5
6,5
sales,2
half,3
bad,7
dont,6
its,11
Thank,13
No,10
just,81
Reminded,1
Glorious,1
risen!,1
believed,1
alert,1
this/tweet,1
Judge,1
Hedge,1
Fund,1
"person,keep",1
300x300,5
Stop,3
many,11
leggings,2
himself,1
12,1
offs,1
DATING,1
BLACK,1
deadass,1
sneaking,1
photos/videos,1
project,1
Moore,1
Archie,1
Indiana,1
vid,1
signees,1
50,1
Tony,1
"youtube,followup",1
Tf,1
friendly,1
obviously,1
Joy,1
heartless,1
through!!!,1
wasn't,2
victim,1
Writer,1
trade,6
treasure,1
SMART!,1
grandparents,1
bullet,1
70th,1
Bobby,1
abt,1
hatred,1
drill,1
Shiiiiiiiiiittttttttttttt,1
Buechele,1
8:50pm,1
Tears,1
b/c,1
screen,1
Either,3
PURPLE,1
GLOVES,1
JORDAN,1
Follow,2
every1,1
celebrate,1
no,20
European,1
shouts,1
wonder,1
sub,1
CGL,1
WHEN,1
sulphuric,1
EVER,1
acid,1
YOUNG,1
TRUST,1
yodaling,1
Outlets,1
steriods,1
Business,1
profiting,1
haunted*,1
pedophile,1
incredible,1
24/7,1
Property,1
bars,1
number,1
spirituality,1
policing,1
berry,1
kiss,1
forehead,1
kilig,1
small,4
R.I.P,1
moved,1
person,10
sickening,1
1st,2
Which,1
Democrat,1
Hannah,1
Kendrick,1
Brazil!,1
Today,1
frm,1
trip,1
some1,1
across,1
singing,1
follows/ffs,5
OHIO,1
home,4
BE,1
SAFE,1
cherish,1
longer,1
goal,1
pills,1
night,12
different,6
Read,2
act,4
coming,2
while,10
cleveland,2
become,2
thank,6
store,2
Goodwin,2
Taehyung,2
give,9
world,11
boyfriend,4
until,5
House,3
cop,2
him,20
words,3
What's,2
babies,2
anyone,7
Name,2
stupid,2
President,3
change,9
working,3
niggas,6
Everyone,4
deserve,2
y'all,6
here,18
Southern,2
Beautiful,2
Her,2
understand,3
BEST,2
streaming,3
Men,2
catch,2
enough,6
-,16
work,7
sell,2
Hillary,2
hang,2
refuse,2
Who,3
reason,7
coma,2
AND,2
SHE,3
SO,2
posted,2
followers,5
calling,3
before,8
trust,4
believe,7
Slaughter,2
basket,1
puppies,1
display,1
kid's,1
news,1
fetal,1
Clifton,1
alcohol,1
Miller,1
wear,6
confusing,1
keeping,1
woke,1
fold,1
Still,2
creep,1
CHALLENGE!,1
talent,1
God's,1
nah,1
grey,2
care,6
Best,1
Jungkook's,1
LMFAOOOOO,1
Find,1
cyberpunks,1
Signal,1
reliably,1
Massive,1
Car,1
burn,1
Bombing,1
Hiccup,1
Our,2
Gordon,1
lady,1
Ramsey,1
Going,1
tragedies,1
loveeee,1
Roode,1
Stunner,1
James,2
gift,3
area,1
executive,1
Energy,1
economy,1
douche!,1
filled,1
gone,4
relieve,1
closing,1
conversation,1
ING,1
Dakota,1
Pipeline,1
pollutes,1
drinking,1
mindful,1
dollar,1
chose,1
descend,1
shrink,1
admire,1
THOSE,1
Tonight,1
domestic,1
Special,1
dispute,1
GAVE,1
HAD,1
That'd,1
BUT,1
METRO,1
DONT,1
HER,1
Private,1
hunting,2
lips,1
@johnpodesta,1
John,2
millions,1
bunnies,1
fixed,1
again,7
needs,2
Smh,2
News,5
chula,2
nml,1
Sis,1
Rec,1
household,1
talking,5
i'll,2
unborn,1
weak,1
BODY,1
edge,1
tf,2
TATTOOS!!,1
beach,1
dogs,1
Boys,1
mind,15
Siting,1
at,25
Omfg,1
continue,1
blow,1
hey,1
21,5
play,6
NEW,1
HIDE,1
less,5
Had,4
decide,2
three,2
isn't,3
hate,9
off,8
PLEASE,2
create,2
few,5
ROCK,2
yesterday,3
hear,5
Be,4
shot,4
damn,2
subject,2
IM,4
picture,3
eggs,3
Fuck,2
black,3
fine,3
proud,4
guy,9
She,5
everyday,3
On,3
forever,2
MY,3
3,5
order,2
okay,5
bruh,4
big,4
savage,2
high,3
feeling,6
potential,2
soon,4
child,3
Y'all,3
White,2
THE,7
lil,3
scary,2
hide,2
quit,2
Emmy,2
then,4
win,5
here's,3
What,14
following,4
But,10
hell,4
God,11
juicy,2
watch,4
nice,5
wrong,5
take,8
community,2
If,10
SOCK,1
adore,1
throat,1
Malkin,1
headshot,1
Crosby,1
Jamie,1
rockstar,1
Galloway,1
downstairs,1
dude,4
fym,1
empty,1
titi,1
scored,1
Until,1
putting,1
star,1
Guentzel,1
Lmao,1
syndrome,1
sleeping!,1
Getting,1
lied,1
Hobi,1
thanked,1
christmas,1
edmonton,1
kassian's,1
balls,1
100,1
PEEPS,1
wings,1
LOOK,1
EVERYONE!!,1
cc,1
planned,1
showed,2
Actor,1
chill,4
Bond,1
noct,2
fit,1
thats,1
ignis,2
carrying,1
*sighs*,1
dark,1
noctis,1
smiling,2
Hood,1
Whatever,1
CNN,1
Reporter,1
Killed,1
126,1
Syrians,1
drunk,1
shocked,1
been,17
Bless,1
meets,1
cure,2
hopeful,1
10days,1
partying,1
stare,2
Whataburger,1
annoying,3
fucked,1
fundamental,1
truth,1
themselves,1
Eden,1
kill,1
anger,1
stfu,1
pleasant,1
concerned,1
plain,1
stalker,1
leave,1
"WELLSFARGO,CITIBANK,CHASE&amp",1
funding,1
likely,1
past,4
Native,1
Americans.Think,1
supported,1
counts,1
successful,1
die,9
conditions,1
hopes,1
thunderstorms,1
return,1
surface,1
figure,1
engines,1
belongs,1
someone's,1
daughter,1
sometimes,5
a$ap,1
mine,2
classy,1
lives,3
Rather,1
Forgotten,1
Remembered,1
Burden,1
cricketer,1
move,1
poor,1
master,1
LMFAO,1
Pak,1
flag,1
sold,1
rudalis,1
myself!,1
RR,1
tried,4
based,2
weekend,2
NOAP,2
Girl,2
15,3
forget,6
view,3
maybe,2
1,2
I'd,5
covered,2
week,3
son,4
shoes,2
added,3
FB,4
next,9
spoke,4
playlist,2
Your,5
rocky,3
Calls,2
shit,14
phone,5
cant,2
reaction,2
those,4
perfect,5
baby,2
drives,2
MVP,2
roster,2
somehow,2
must,5
In,6
media,3
thru,2
Happy,10
As,7
land,3
seen,17
second,4
mad,2
try,6
call,7
dinner,3
Maybe,4
war,2
cuz,2
bout,3
Nah,3
back,18
body,4
probably,3
stan,2
another,2
there's,3
Snapchat,2
Think,1
positively,1
Suicidal,1
inspired,1
recorded,1
Hi,1
13,1
Bitmoji,1
deep,1
buzzwords,1
ralphy,1
henny,1
yuh,1
b,1
ASAP,1
otherwise,1
League,1
clothes,1
pregnant,1
impeached,1
Dudes,1
Trump-Russia,1
COVERING,1
ENTIRE,1
blessing!,1
lies,1
donna,2
Conference,1
JOKE!!!,1
fast,1
moving,1
quiet,1
residential,1
street/protected,1
Pets,1
Wanna,1
prayer,1
remembering,1
Snr's,1
Father,1
thicthic,1
volatile,1
YORK,1
MILLY,1
profit,1
loose,1
Haley,1
Whoever,1
raise,1
Belle,1
Tire,1
marketing,1
i'd,1
Letang,1
From,5
nutshot,1
finger,1
How,9
slash,2
punishment,3
Suicide,1
Heaven,1
Returned,1
hate!!,1
Incredible,1
Gift!,1
HOFer,1
Water,1
pitch,1
innings,1
lissy12451,1
Astros,1
limit,1
weather,1
Oakland,1
Angels,1
suicide,2
former,1
Jake,1
power,5
Noya,1
seem,3
infront,1
trippin,1
lunch,1
often,1
rape,1
wound,1
sideburns,1
Fam,1
rabbits,1
Smile,1
DEAD.....powder,1
Somehow,1
shine,1
me,94
mood,1
bbq,1
terrible,2
questions,1
playoff,4
Nikki,1
famous,1
reached,1
goal!,1
Definitely,1
d,1
commonly,1
killed,3
regrets,1
(2017,1
fresh,3
rookie,3
(2017)!,1
Taxpayer,2
town,2
prince,1
_________,1
cry,1
trump,1
68,1
Syrian,1
distraction,1
Fin!,1
evening's,1
biggest,2
fall,2
short,2
sad,3
disgusted,2
78,3
text,2
Trump,13
name,4
spent,3
ONCE,2
wow,2
gets,3
IN,5
realize,3
who's,2
Come,2
Feel,2
Get,9
wouldn't,3
eat,2
we're,2
kind,3
cat,2
lane,2
thinking,4
19,2
won't,3
Saw,2
i'm,8
left,7
bitches,3
bullshit,2
Is,9
hat,2
trick,2
n,4
Great,2
stuff,5
rest,4
happened,3
Z,3
officially,2
they,37
from,33
tracked,2
I'll,5
af,2
check,5
That,7
remember,8
make,19
open,3
like,44
present,1
dm-ing,1
tweets,1
friendship,1
Jacket,1
Condom,1
golfing,1
eye,1
concert,2
Missed,1
nyc,1
onto,1
tracks,1
collateral,1
damage,1
else's,1
~Lauren,1
Trust,1
Am,1
Away,1
Them,1
hurts,1
Bryce,2
Justin,2
non-sensical,1
reasoning,1
convertible,1
powers,1
Triple,1
valid,1
sent,1
card,1
Lying,1
Jokers,1
Noway,1
tyler,3
judge,1
weight,1
free!!,1
judged,1
abominable,1
Inc,1
Alex,1
lawyer,1
learn,2
temper,1
violations,1
Following,1
nuclear,1
above-normal,1
warmth,1
showers,1
gloss,1
church,1
Dubbed,1
NOW!!,1
praying,1
crackhead,1
petty,1
talkin,1
this!!,1
$500,1
hyperbole,1
situation,1
selca,1
Than,1
WOMEN,1
budding,1
president,1
transparency,1
lead,1
Digital,1
idea,1
PEEING,1
HIM,1
responding,1
drive,1
Depressed,1
Anxious,1
puddle,1
Calm,1
Anorexic,1
wasted,1
Hahahahahahha,1
maccies,1
dp,1
homework,1
kiddy,1
touched,1
opinions,1
Places,1
WHAT'S,1
Reasons,1
LONG,1
Stay,2
attempting,1
Naughty,1
MT,1
pussy,1
fellow,1
brothers/sisters,1
bf,1
cancer,1
answer,1
lose,1
bit,1
Morning,1
assure,1
love/hate,1
sofa,1
loungers,1
side,2
negatively,1
dance,1
How's,1
knows,2
Kim,1
leading,1
theme,1
learning,3
experiences,2
$300,1
semantics,1
focused,1
mostly,2
Let's,2
including,1
Colorado,1
slowly,1
approaching,1
wish,5
character,3
regret,2
quick,2
Download,2
lovely,2
Any,2
attack,3
period,3
menu,2
funny,4
surprise,3
someone,22
4,4
Flowers,2
7,2
the,358
Slowly,2
ignore,2
games,3
I,272
waiting,3
Day,7
TF,2
At,2
Did,3
creator,2
watching,3
regular,3
felt,2
ima,5
preview,2
Women,3
comparing,4
continues,2
and,136
dry,2
playing,2
WHY,2
Remember,2
vs,5
looking,3
asks,4
beat,3
Godwin,3
also,3
promise,3
And,5
though,4
could,6
pls,6
heavy,1
motor,1
traffic,1
sucking,1
despair,1
fighting,1
Charm,1
Springtime,1
plateau,1
Soul,1
Book,1
BETTER,1
Chapter,1
OUT,1
Gov,1
unfollower,1
lesson,1
You'll,1
thicc,1
struggles,1
term,2
markets,1
Sales,1
20%,1
warchest,1
impersonation,1
deserves,1
gingerbread,1
thoughts,1
romantic,1
types,1
bring,1
Hazard,1
tv,1
awards,1
leak!,1
Taxes,2
$20,1
Antifa,1
hats,1
LEFT!!,1
7pm,1
Shinning,1
sleek,1
violence,1
Protest,1
Collection,1
television,1
Playing,1
Relievers,1
Freeman,3
gain,1
sending,1
West,1
Chaoyang,1
kisses,1
team,1
families,3
score,1
dislike,1
Wow!,1
CozyWow,1
socks!,1
faithful,1
man!!!!,1
hugs,1
bomb,1
hall,1
ways!,1
Gayla,1
3rd,1
EPIC!,1
mode,1
activated,1
NEVER,1
clean,1
needle,1
94B9F4CC,1
Lvl,1
circulate,1
pack,1
front,1
somewhere,1
Worth,4
rose.......Mary,1
mistakes,1
Gud,1
Spend,1
Accdng,1
Focus,1
N,1
eating,1
hobby,1
action,1
chemical,1
piano,1
presidential,1
patreon,1
Chocolate,1
//,1
1975,1
some!,1
Gah,1
enough!,1
laid,1
bath,1
relaxing,1
moly,1
Thing,1
Helped,1
bo,1
Directive,1
Physicians,1
known,1
final,1
line,1
bed,1
BB,1
heading,1
Y,2
Rights,2
havin,2
LOVE,3
Or,2
goes,3
taking,2
stand,2
Do,3
2017,4
prayers,3
entire,3
use,7
beauty,2
Love,6
dallas,2
breaking,2
Actually,2
human,2
Yes,3
gun,2
Learn,2
vote,2
personal,2
yr,2
joke,2
men,4
pray,5
between,5
supposed,2
months,2
We,3
Brown,2
flinch,3
Death,4
loved,4
their,16
D,2
movie,2
We're,2
Morgan,3
There,2
ask,2
brief,2
exists,2
Thanks,4
For,4
fucking,7
easily,2
Were,2
R,4
H,3
own,7
cause,3
miss,9
innocent,2
Jerry,2
together,9
More,2
I'm,51
chance,3
&amp,56
loving,2
ME,6
nas,1
rule,1
basically,1
PX,1
pris,1
jus,1
tl,1
tht,1
SAVAGE,1
Nordstrom's,1
needed,1
closes,1
Times,1
NATO,1
auction,1
ally,1
MST3K,1
each,1
purest,1
generation,1
forms,1
Chainz,1
Nick,1
Cannon's,1
Magnum,1
wyd,1
no-brainer,1
Keep,1
circle,1
tweeting,2
concerts,1
earning,2
tickets,2
scam,1
naw,1
fears,1
supremacist,1
rejecting,1
tmrw,1
subway,1
platform,1
pushed,1
holy,2
attractive,1
absolutely,1
honored!,1
mock,1
touches,1
atheist,1
Jas,1
lower,1
Oberoi,1
met,3
stepdad,1
sympathizer,1
MCD,1
Toxic,1
BJP,2
Staying,1
Calling,1
Night,1
Totally,1
Dating,1
what's,4
Girls,1
auditing,1
bcuz,1
sham,1
phishing,1
beginning,1
Baeksang,1
wanna,6
wedding,1
Maddow's,1
Reporting,1
Has,1
queer,1
parties,1
shooter,4
~Queen,1
gives,1
Xxxtentacion,1
metaphor,1
Cookie,1
Yo,1
Paying,1
Shit,1
pd,1
Super,1
Saiyan,1
moomoo,1
jokes/memes,1
mirror,1
bless,4
talaq,1
SMS,1
invitation,1
IMSHANDB,1
society,1
AIMPLB,1
functional,1
sans,1
serif,1
font,1
snowman,1
monsters,1
Jones,1
forgiven,1
Indians,1
trying,3
tomorrow,3
CANNOT,1
treaty,1
beef,1
threats,1
Houston,2
shaking,1
xx,1
coward,1
Was,1
California,1
Ago...Here's,1
extreme,1
THANK,1
HONEY!,1
Speciale,1
Carlton,1
two!!,1
yoonmin,1
undivided,1
attention,1
$100000000000000,1
Hoseok,1
intimacy,1
TOP,1
Volleyball,1
under,2
It,4
ion,2
That's,6
Up,2
Want,2
outrage,2
Mr,2
murder,3
living,2
hangout,2
type,3
imagine,4
pain,2
wonderful,2
best,25
Even,3
cheese,2
10,5
alive,2
music,6
Sr,2
called,4
strong,3
Christians,2
rough,2
active,2
anybody,3
idc,5
Bunny,2
Russ,3
yo,3
Having,3
going,15
hand,5
tired,2
Way,3
Black,3
pretty,3
mom,3
oppa,2
clip,3
invite,2
says,3
Give,2
ok,3
to,242
HOTTEST,1
WWE,1
Salary,1
WRESTLERS,1
presidency,1
TIME,1
advertising,1
Talent,1
demanding,1
mess,1
yourself,1
WOULD,1
LIKE,1
THAT,1
Sims,2
plantsim,1
conversion,1
flaws,1
that!,1
north,1
disappointed,1
brick,1
countries,1
harboring,1
george,1
mPLUS,1
till,2
98,1
premiering,1
Mojave,1
STORY,1
THOUGH,1
jobs,1
wrestler,1
zesty,1
coon,1
peace,4
nervous,1
17th,1
asap,2
firefighters,1
nurses,1
Racially,1
doctors,1
Cam,4
Newton,4
wasp,1
ear-bud,1
decided,1
rapper,1
Some,1
excuse!,1
block,1
A.C,1
fucken,1
currently,1
S4,1
sumthin,1
cliffhanger,3
Enough,1
Editing,1
lip,1
Gallery,1
Age,1
Tssss,1
happening,2
Song,1
fucker,1
nominee,1
Russell,1
episodes,1
today!,1
hero,3
sister,1
hours,4
milk,1
mastering,1
multitasking,1
breakfast,1
lets,1
MongoDB,1
databases,1
DynamoDB,1
(via,1
WHI,1
Republicans,1
upper,1
Queversary,1
rode,1
bikes,1
HATE,1
TOI,1
Juan's,1
News!,1
Wyatt,1
HA!,1
--,1
Pluribus,1
Unum!,1
pit,1
reminiscing,1
ALSO,1
SMOKE,1
BC,1
steph,1
UR,1
TWITTER,1
FAKE,1
yes!,1
bigger,2
nut,1
purple,1
Perhaps,1
Stef,1
humanity,1
taste,1
Hamilton,1
sleeping,1
chickenhawk,1
happiness,2
Child,1
bdays,1
Abuse,1
iight,1
Tennessee,1
success,1
Coming,1
Except,1
Aren't,1
Seattle,1
anymore,3
MedicalMarcom,1
Next,1
smooth,1
ride,2
Delta,1
ones,3
Seat,1
40,1
mourning,1
grand,1
Worst,1
simple,1
gif,1
Put,2
shoot,2
bloom,2
hard,5
seeing,4
Check,2
is,198
&lt;3,2
clear,2
holidays,3
end,4
Here,3
stay,4
sleep,2
Americans,2
pair,2
ready,5
My,18
snapchat,3
tick,2
hit,3
wait,5
he's,5
ever,36
Make,4
fr,4
nowadays,2
house,3
wife,2
tyga,2
migos,2
ice,2
suck,2
OF,2
pizza,3
ALL,2
kids,13
NAME,2
excited,1
Denise,1
mtv,1
Hair,1
Naturally,1
Simple,1
TOMORROW,1
pst,1
metal,1
trolled,1
United,1
CBS,1
quoted,1
hd,1
videos,1
PPP,1
Punjab,1
Sandy,1
Caps,1
mini,1
genuinely,1
Paradise,1
Island,1
colors,1
371,1
consistent,1
sex,1
entered,1
banned,1
Year!,1
hesitate,1
fucks,1
ignored,1
1000s,1
due,1
shocking,1
gay,1
UK,1
wanted,1
0,1
faved,1
loss,1
NGS,1
[TRANS],1
fansign,1
stuck,1
deserted,1
died,1
lifetime!,1
fan-flippin-tastic,1
night!,1
^-^,1
spy,1
backup!Battle,1
ID,1
service/easter,1
glad,1
Colossus,1
Omega,1
goodY,1
hoodie,1
reposting,1
plenty,1
wise-bones,1
horrible,1
kid,1
wanting,1
B,1
quote,2
third,1
York,2
lurk,3
outside,1
tomb....for,1
taken,1
chicken,1
Unbelievable,1
infinity,1
Leonardo,1
(1995,1
Clinic,1
Vry,1
ppl,5
Morng,1
democracy,1
Humanity,1
By,1
against,2
push,1
weapons,1
uplift,1
neighborhood,2
gentrifying,1
predecessor,1
drew,1
failed,1
pork,1
far,4
impressed,1
meeting!,1
song!!,1
sippin,1
joe,1
Running,1
quadruple,1
told,3
pages,1
solid,1
start!,1
Pineda's,1
peasy,2
IP,1
K,1
4-2,1
forst,1
Someone's,1
8th!,1
plray,1
dawg,1
Pre-,1
rid,1
app,1
major,1
mutuals,1
dicks,1
sweatpants,1
sis!,1
feet,1
closer,1
premier,1
source,1
higher!,1
Respiratory,1
shown,1
clinic,1
largest,1
respiratory,1
key,1
SUFFERS,1
OUR,1
it'll,1
Watching,4
without,3
dying,4
Revolution,4
deal,3
would've,2
Bra,4
reality,2
&gt,3
&gt;&gt,3
stories,2
became,2
history,2
rather,2
nicest,2
70,2
tragic,2
finish,2
US,3
seems,2
Media,2
Office,2
ass,2
wine,2
blessed,3
started,4
sorry,7
Another,3
greatness,2
reckless,2
played,2
Trump's,3
likes,3
drop,2
chase,4
squeezy,2
difficult,6
early,2
days,5
deciding,2
lifestyle,2
enacting,2
worker,1
loyal,1
immediately,1
luxury,1
submitting,1
paper,1
assed,1
standard,1
bother,1
proof,1
Da,1
scanner,1
multiple,1
locations,1
asshole,1
terms,1
upside,2
wh,1
SNAKE,1
works,1
laundry,1
12h,1
analysis,1
ruined,1
writers,1
trinity,1
!,1
adult,1
lucky,2
Facebook,1
people's,1
religious,1
edgy,1
older,1
(@iJasOberoi,1
agrees,1
yeah,1
Dead,1
Camila,1
article,1
Farmers,1
Cows,1
Strange,1
Reason,1
resurrected,1
Friend,1
fuckin,1
problem,1
Unicode,1
look-a-like,1
hype,1
Eric,1
important,2
em,1
voting,1
bulls,1
eastern,1
Russian,1
gs,1
hardest,1
western,1
conference,2
Brilliant,1
miiiight,1
Russia,1
Upset,1
reserved,1
animal,1
Snowflakes,1
Fox,1
asleep,1
ITS,1
TRANSGIRL,1
hair!,1
DUMB,1
decisions,1
hair,1
figures,2
happiest,1
Latifah,1
universe,1
(unless,1
Intricacy,1
vibrance,1
Makes,1
After,2
shiite,1
Western,1
media's,1
*leaving,1
Massacre,1
cycle,2
Hell,1
j,1
in,144
Josh,1
Ryan,2
Servicing,1
Daddy,1
message,4
lonely,1
Void,1
END,1
grab,1
donate,1
touch,2
Never,4
Syria,2
raised,2
Knowing,1
invasion,1
super,2
carats,1
repelled,1
diamond,1
spiked,1
Bangladeshis,1
fully,1
alien,2
Marilyn,1
Manson,1
king,1
disrespected,1
translate,1
Amen!,1
newtons,1
shirt,1
link,2
separately,1
ease,1
Can't,1
thoroughly,1
omegle,1
enjoying,1
wildflower,1
0-76,1
glizz,1
drought,1
straight,1
(climbs,1
left!!,1
stairs,1
like!!,1
Ferrari,1
Ain't,2
dead,4
Sun,2
a,301
anxiety,2
suddenly,3
light,3
Currently,2
wtf,4
lover,2
update,2
options,2
people,23
didn't,10
boy,3
Rachel,2
want,39
Change,2
step,3
Yes!,2
Breeder!,2
not,51
when,43
took,7
DragonVale!,2
park,4
Retweeted,2
w,7
be,74
jump,1
458,1
Crashes,1
During,1
Cc,1
takes,1
flawless,1
bio,1
skin,2
product,1
surrender,1
Obama,1
11,1
Realized,1
Have,3
Into,1
uwu,1
congrats,1
tons,1
rallies,1
engagement,1
Match,1
Lipo,1
fell,1
scars,1
makeup,1
remain,1
tolerating,1
acknowledge,1
interfered,1
unnecessary,1
Julian,1
chilling,1
Losing,1
dey,1
lazy,1
@russwest44,1
athletic,1
rangers,1
blink,1
twice,1
kookie,1
USA,1
addicted,1
*dabs*,1
them!,1
@ToveLo,1
inspiration,1
24hr,1
Struggle,1
sanctuary,1
Twenty&amp;Co,1
tent,1
Coffee,1
BYH,1
Gastro,1
Shah,1
weirdest,1
asf,1
rn,1
video's,1
camila,1
blackbear,1
thus,1
WHAT,1
GOING,1
WORLD,1
Troops,1
-video,1
officers,1
Star,1
-BLM,1
EMTs,1
-rap,1
Whose,2
gotta,4
Came,2
others,1
IF,1
OHHHH!,1
Selina,1
AIN'T,1
REALLY,1
ME!,1
VP,1
friendships,1
relationships,1
disintegrated,1
streets,1
Woz,1
NOW,1
garbage,1
highly,1
favored,1
competing,1
every,4
behavior,1
respect,1
fat,2
May,2
eternal,1
Shut,1
scum,1
Tak,1
tapi,1
pemalu,1
shy,1
Content,1
Time,1
breathtaking,1
Needed,1
evening,1
Birmingham,1
Upload,1
tonight!,1
love.....they,1
Open,1
Full,1
tcheca,1
Add,1
imjuicyass,1
highest,1
[puts,1
form,1
wife's,1
stomach,1
kicking],1
either,5
somebody,1
Ron,1
proves,1
motherhood,1
skill,1
AWS,1
migrate,1
popo,1
Place,2
passed,1
jeliyfish,1
80%,1
Hate,1
(including,1
64%,1
numbers,1
phones!,1
Lady,2
CUTEST,1
COUPLE,1
smack,1
almost,1
cousin,1
College!,1
Harley,1
Strongly,1
build,1
badly,2
listening,2
returns,3
Mirrors,2
lmao,2
minutes,2
tax,3
ya,3
may,5
outfit,2
America,2
parrot,2
texts,2
heard,3
Gaga,2
8,5
WORST,2
send,4
Chicago,2
fault,3
since,4
They,10
constant,2
word,3
Muslim,2
say,14
Of,3
dms,2
FUCKING,3
tiny,3
building,1
Fit,1
resource,1
idk,1
LMFAOOOOOOO,1
Wrong,1
U.S.A,1
E,1
Monday,2
knowing,1
stays,1
Hearing,1
Dark,1
Vader,1
Fans,1
IC,1
egg,1
flush,1
Wait,1
offices,1
60%,1
Challengers,1
given,1
shower,1
google,1
such,10
KIT,1
CLIENTS,1
OWN,1
BUSINESS,1
WSSU,1
really,9
fourth,1
place!,1
hashtag,1
website!,1
lemon,2
Rams!,1
join,1
craziest,1
dickhead,1
URBAN,1
DECAY,1
ILLUMINATED,1
Lmaooo,1
brings,1
HS,1
30,1
mf,1
awe,1
Such,1
Man,1
(joy,1
Al,1
wont,1
Mississippi,1
State,1
wears,1
Scalp,1
Grow,1
goodnights,1
Back,1
Kentucky,1
Steps,1
wheels,1
(hannah,1
ACCENT,1
HANNAH,1
you're,19
POMADE,1
local,1
affiliate,1
imitates,1
asking,1
duo,1
Too,1
porn,1
full,6
clips,1
visit,1
site,1
y'all!,1
Development,1
Karachi,1
Trey,1
Keys,1
development,1
Clean],1
blonde,1
MILF,1
massive,1
dong,1
Wishin,1
3D,1
bomb!,1
Smart,1
uses,1
tape,1
recordings,1
armed,1
rebels,1
articles,1
Then,1
tear,1
lovey,1
dovey,1
170416,1
suggest,1
Nayoung,1
Kyulkyung,1
World,2
Lil,1
Pray,1
"He""s",1
Let,1
brothers,1
calf,1
sweetpies,1
dat,1
ourami,1
s'alL,1
geometry,1
da,1
broke,1
throwbacks,1
ranger,1
Success,1
Happiness,1
Hayden,1
concept,2
STFU,1
flood,1
props,1
mama,1
first-ever,1
last,11
Penguins,1
omg!,1
yorkshire,1
DiCaprio,1
shipping,1
Basketball,1
Massachusetts,1
Diaries,1
((,1
apparently,1
means,1
pay,2
mouth,1
arguements,1
buttons,1
NEED,1
THAY,1
woken,1
Me,11
AGAIN,1
cutie,1
thanks,2
latest,2
HOW,4
WIN,3
social,3
cue,3
beyond,2
protected,3
amazing,2
screaming,3
The,57
game,7
hella,2
Sunday,8
laughing,2
are,60
sit,2
photos,2
Prayers,2
tbh,3
bunny,2
April,4
need,26
more,23
People,4
spend,3
These,4
Rt,4
life,22
fitness,1
Fitness,1
Martinez,1
China,2
Fast,1
Anyone,1
agreed,1
th,1
jonas,1
Marathon,1
christine,1
women's,1
Linden,1
legend!,1
cool,1
Allan,1
Holdsworth,1
DEADDDD,1
afternoon,1
breathe,1
mo,1
Wayne,1
hopped,1
places,1
classic,1
confirmed,1
book,2
harry,1
pink,1
McDonald's,1
website,1
eh,1
debut,1
prolly,1
!!!,1
Chesterland,1
ch,1
hopelessly,1
blue,1
ears,1
cuter,1
Captain,1
Aruji,1
ATTENTION,1
Might,1
KOREA,1
coolest,1
handy,1
map,1
job,1
booty,3
thread,3
girlfriend,1
sis,1
MYSELF,2
crochet,1
girl's,1
vest,1
rearranging,1
bros,1
party,1
Been,1
jumped,1
ground,2
Damn!,1
stubhub,1
300,1
_,1
therapy,2
programs,1
followed,1
roomies,1
meet,1
JIN,1
PLEASURE,1
risky,1
accordion,1
photo,8
does~,1
moves,1
Statesboro,1
marches,1
Harry,1
Styles,1
taxes,1
Listening,1
shaving,1
place,3
Every,1
WE,1
PRAY,1
FAMILIES,1
award,2
ARE,1
THEM,1
WONWOO,1
COMFORT,1
SUCH,1
JESUS,1
Assuming,1
Hoon,1
compared,1
Less,1
driving,3
MAN,1
HIS,1
NUGGS,1
mainstream,1
FEEL,1
Real,1
Bad,1
empathy,1
responses,1
adults,1
Repost,1
rockme_ilvolo,1
Live!,1
fuuucckkkk,1
HOLLERING,1
sweetest,1
babes,1
Haven't,1
possible!,1
deceased,1
Air,1
maiden,1
halp,1
plane,1
Thomas,1
performance,1
secret,1
surveillance,1
afraid,1
happens,1
exhausting,1
Roll,1
Craig,1
Hang,1
Distance,1
food,2
Walking,1
|965910810|,1
responded,1
write,1
artists,1
writer,1
josh,1
buzzfeed,1
Turkey,1
Switzerland,1
slides,1
dictatorship,1
Making,1
Giant,1
speak,1
Holes,1
conflict,1
Stomach,1
survived,1
100%,1
Comparing,1
20lbs,1
Couldn't,1
U.S,2
Someone,2
very,7
treat,2
kno,2
interest,2
FOR,2
Born,2
lay,2
during,3
reports,2
telling,2
top,3
bro,4
might,3
quickly,2
*,3
later,3
he,31
up,18
actual,2
my,108
boiled,1
caught,1
crawfish,1
lake,1
MONDAY,1
Asking,1
overcome,1
Spring/summer,1
colds,1
opioid,1
painkillers,1
testing,1
offer,1
ideer,1
Selena,2
Gomez,1
ont,1
cavs,1
spurs,1
fool,1
genius...def,1
greats,1
finals,2
pin,1
plays,1
Yes...I,1
paints,1
usu,1
CALLED,1
BITCHES!,1
disrespectful,2
thinks,1
oxygen,1
TimesNow,1
IndiaToday,1
ndtv,1
mistake,1
again!!!,1
joey,1
Gurl,1
breath,1
glory,1
air,1
Honestly,1
massacre,1
refugee,1
let's,1
recall,1
$100K,1
original,1
CIA,1
breaks,1
today*,1
girls,3
t/car,1
wit,1
ouija,1
board,1
borrow,1
Cleavland,1
safe!!!,1
HUGE,1
Dick,1
Again,1
Cody,1
weekends,1
long!!,1
Watch,1
Wondered,1
9:30pm,1
canned,1
cup,1
popcorn,1
featured,1
ranking,1
Trouble,1
Picking,1
Wine,1
Article!,1
scraping,1
eyeballs,1
gtg,1
Aw,1
Ways,1
155,1
custom,1
bike,1
chain,1
iced,1
excellent,1
charm,1
Yeah,1
ways,1
fasho,1
LOST,1
SW,1
Neutered,1
mix,1
Goes,1
Chico,1
Missing,1
portuguese,1
cam,1
turned,1
wore,1
pull,1
piece,2
shorts,1
only,18
T,1
homeless,1
spending,1
Sega/Nintendo,1
Vietnam,1
intellectual,1
vanguard,1
bred,1
Nebula,2
Dragon,2
Visit,1
out!,1
liberals,1
Nico,1
ISIS,2
buy,4
blizz,1
Donald,1
Pence,1
voted,1
lion,1
concern,1
Seems,1
opinion,1
rowoon,1
buts,1
reaches,1
JY,1
JS,2
(jumps,1
ily,1
returned,1
limits,1
rightful,1
leader,1
murderer,1
Rebel,1
Share,1
Exact,1
civilians,1
Assad,1
Criminal,1
apart,1
WATCHED,1
MONTH,1
Ok,1
Soros,1
fading,1
thicker,1
(8,1
July,1
explode,2
P,3
HAPPY,2
little,10
were,6
Hit,2
will,50
other,8
fuck,3
tonight,3
Lot,2
morning,3
consuming,2
coachella,2
police,13
EASTER,2
what,43
cannot,3
drink,2
scene,2
emotional,2
manner,1
Forreal,1
Mayflower,1
speech,1
sought,1
babe,1
smart,1
taught,1
opportunity!,1
UNSTUPID,1
nothing's,1
promised,1
BITCHES,1
THATS,1
MAD,1
Lado-Acheson,1
plastic,1
sort,1
Johnny,1
Dos,1
Mil,1
Siente,1
excel,1
Rey,1
High,1
Neither,1
NBA,2
Church,2
nowhere,1
near,1
worry,1
too!!,1
sibling,1
finally,1
HAVE,2
29,1
18,1
window,1
press,1
OH,1
city,1
fear,1
Lifestyle,1
Alam,1
Selangor,1
stumble,1
perpetually,1
Matt,1
tooth,1
cap,1
completely,2
zjzjksksoahdhdjakks,1
Superweapon,1
close,1
homie,1
End,1
Ad-Blocking,2
lit!,1
Arms,1
Race,1
puts,1
cydia,1
inning,1
bestfriend,1
HELL,1
ON,1
ISN'T,1
-World,1
forgets,1
Hip,1
Hop,1
-Islam,1
New,7
awkward,1
DEMI!,1
"Homegirl""!",1
Slamming,1
Vocals,1
"YOU""!",1
arse,1
re-live,1
continuous,1
ties,1
shame,1
backdooring,1
negative,1
positive,1
available,1
bitter,1
F,1
podium,1
onesies!!,1
Harlee,1
starts,1
RSS,1
impeachment,1
results,1
daddy,1
inside,1
7/11,1
cigs,1
lately,1
i've,1
asked,1
blast,1
go,24
comparison,1
S/o,1
siblings,1
along,1
Woman,1
Legion,1
spin,1
parents,1
Emile,1
Chuggaaconroy,1
Boy,1
Okay,1
hold,1
Putin,2
tot,1
k,1
comfort,1
depressed,1
gn,1
excitement,1
fans,3
PEEPEE,1
DICKY,1
METAPHOR,1
sombong,1
pepper,2
Breath,1
good!,1
inspiring,1
whenever,1
throws,2
promotes,1
Live,1
services,1
obsessed,1
enjoy,1
company,1
bruneian,1
childhood,1
shitty,1
Israel,1
Freedom,1
just...ok,1
sums,1
Societal,1
Together,1
Ancestry/Culture,1
Money,1
N.S.U,1
*Lobs,1
TL*,1
calls,1
FREE!,1
ENOUGH,1
KNOCK,1
FEET,1
WEEK,1
JUST,3
impossible,1
GOD,1
SAKE,1
as,35
Republican-easily,1
Electoral,1
Tax,1
ADULT,1
170417,2
depression,1
disagree!,1
designed,1
"Glad,Credit",1
follow,1
hacking,1
table,1
was,46
Just,23
real,5
shouldn't,2
chat,2
Good,3
class,1
Should,1
laugh/,1
/burst/,1
lyin,1
yaaa,1
awesome!,1
dies,1
cook,1
30x30,1
&gt;&gt;&gt;&gt,1
Cure,1
splash,1
dumbest,1
swag,2
twos,1
season!,1
Royal,1
LeBron,1
APG,1
54+,1
WANT,1
BACKWARDS,1
COMPATIBILITY,1
14,1
Aim,1
PS4!,1
steps,1
Friday,1
produce,1
contenders,1
Champagne,1
January,1
HAPPEN,1
GONNA,1
IDK,1
MOVE,1
however,1
chip,1
OFFER,3
PUNISH,1
CEASE,1
ticket,1
expose,1
feelings,1
FACT,1
noise,1
slipped,1
teacher,1
Continue,1
ive,1
Quiet,1
Chris!,1
writing,1
screenplay,1
much!,1
fave,1
wants,1
fun,1
GFSquadproject,1
[INFO],1
attending,1
path,1
Yuseong,1
loool,1
Culture,1
Festival,1
CLUB,3
NAKED,1
fantasy,1
anime,1
ever!,1
Forever,1
thankful,1
smoking,1
assume,1
lunatic,1
killing,1
grave,1
slaughter,1
ex,4
fucc,1
flying,1
Mess,1
cecily,1
bato,1
GBP5,3
info,3
shirts,1
inform,1
snl,1
voice,2
Hey,1
education,1
katherine,1
priority,1
langford,1
baker,1
Party,1
australian....and,1
Poor,1
age,1
DID,1
COVER,1
Syria..they,1
UP,1
THO,1
TO,5
ABH,1
DIPBROW,1
instagram,1
stalked,1
YOUR,3
CHOICE,1
SHADE,1
(must,2
pantomime,1
deceit,1
dm,2
winner,2
reassurance,1
imitate,1
fade,1
bev,1
iconic,1
serious,1
anti,1
imperialism,1
socialism,1
lie,1
ABLE,1
DIGITAL,1
KILL,1
ran,1
56,1
dancers,1
blowjobs,1
breathing,1
Growing,1
Songz,1
Economy,1
Fabolous,1
FDR's,1
Street,1
[Intro,1
total,1
fail,1
Hot,1
Roxxx,1
sucks,1
ordering,1
screams,1
First,1
weird,1
to!,1
"question,but",1
sound,1
asian,1
reckoning,1
realization,1
hoped,1
IT!,1
HOPE,1
peep,1
kyle,1
picks,1
jets,1
juna,1
I.T,1
powerful,1
tall,1
Birth,1
stats,1
tune,2
"giraffe""s",1
pity,1
Under,1
punk,1
sooo,1
Literally,2
Beat,2
GET,2
you'd,2
attracted,2
FUCK,2
away,6
honors,1
brackin,1
YG,1
Bhannel,1
gosh,1
Very,1
melted,1
pinky,1
bet,1
Ash,1
break,1
Chris,1
rich,1
breastfeed,1
public,1
eggshells,1
natural,1
strengthens,1
collect,1
bond,1
comes,1
rate,1
experimented,1
rts,1
melon,1
Wizards,1
blessing,1
recognition,1
feed,1
proms,1
feminists/democrats/americans/anyone,1
talented,1
Paschal,1
lamb,1
handsome,1
Omg,1
joy,1
tangerine,1
turd,1
head,5
sweater,1
toe,1
sudocrem,1
heat,1
rash,1
Lynn,1
x,1
she,19
rally,1
stages,1
bull,1
cannabis,1
(2/2,1
hurting,1
LSITEN,1
ribs,1
cold,1
Azaan,1
report,1
forced,1
trainer,1
Anytime,1
Harvey,1
numb,1
actor,1
Hairston,1
Jr,1
Furious,1
Baseball,1
Whenever,1
Boston,1
Desi,1
sharks,1
pulled,1
Drought,1
backwards,2
Devastated,1
passing,1
office,1
indicted,1
boobies,1
sagittarius,1
throwback,1
especially,1
INTERRACIAL,1
SEX,1
HORNY,1
BOY,1
FROM,1
planning,1
"Campaign,is",1
question,1
Obsessed,1
Opponents,1
Drake,1
Take,1
35,1
Care,1
album,2
"0,000",1
Arthur,1
door,1
firs,1
flight,1
knew,1
Practically,1
GO,1
INNOCENT,1
REASON,1
DESERVE,1
DEATH,1
undermine,1
Lives,1
Matter,1
movement,1
none,1
CTTO,1
RIDE,1
DIE,1
w/out,2
embarrassing,1
therefore,1
involved,1
flipping,1
river,1
Saudi,1
red,1
jacob,1
whitesides,1
Obvious,1
NORTH,1
nuke,1
disgrace,1
LETTER,1
yours,1
women,2
purses,1
fashion,1
2002,1
notes,1
grandma,1
bohemian,1
!!,1
!!!!,1
Rocky,2
Tyler,2
Creator,2
guts,1
aborting,1
speck,1
bombing,1
Create,1
masterpiece,1
Mrs,1
Congregation,1
howooohohohyeah,1
Probably,1
today,12
Drug,1
course,1
Epidemic,1
Killing,1
accidents,1
47%,1
Bapu,1
differenceby,1
serving,1
AMAZING,1
giving,1
service,1
Falchion,1
Dodger,1
Stadium,1
teen,1
70s,1
typos,1
-support,1
instrument,1
search,1
learned,1
plan,3
listen,2
Disney,2
Here's,2
offended,3
unfathomable,1
duel,1
destinies,1
aw,1
Saturday,1
personally,1
matter,7
missile,1
copped,1
failure,1
Ronnie,1
else.would,1
dumb,1
MOURNING,1
TONIGHT,1
LORD,2
GIVE,1
STRENGTH,1
Frozen,1
AMEN,1
does,4
Main,1
Na,1
(@neo_pac,1
BND,2
handed,2
confirming,2
r,1
Njoy,1
nd,1
HUGE1,1
HELP,1
NEEDS,1
Retweet,1
follow!!!,1
palm,1
theories,1
have,76
103,1
Watched,1
Forget,3
Ave,1
Jamaica,1
Qns,1
75,1
rooting,1
racist,1
private,1
jet,1
representing,1
Force,1
States,1
*dies*,1
voyage,1
well,6
knw,1
sir,1
sky,1
Nupur,1
LEFTOVERS,1
Sharma,1
Celtics,1
argue,1
instead,12
Isaiah,1
abused,1
basketball,1
waste,1
extra,1
energy,2
poorly,1
Marco,1
International,1
Friendship,1
Pope,1
longest,1
naturally,1
saying,1
fire,1
personality,2
mentor,1
GA,1
Worldwide!,1
g,1
CC,1
Francis,1
issues,1
eventually,1
era,1
Same,2
rappers,1
AmericanCrimeTV,1
run.I,1
havent,1
toward,1
watched,1
TV,1
fails,1
undertale,1
vape,1
effort,1
Nope,1
She's,1
til,1
function,1
enforce,1
COMING,1
defend,1
addiction,1
ourselves,1
medicines,1
Mensch,1
hi,1
_only_,1
promises,1
8th,1
PLS],1
selling,1
Birthday,1
banner,1
set,1
Details,1
couldn't,1
companies,1
control,1
chill!!,1
LIFE,1
WILL,1
things,10
her,22
permanent,1
room,1
mate,1
canvas,1
annoyed!,1
hugged,1
it,67
SZA,1
min,1
dreamt,1
span,1
Coachella,1
Reminder,1
arent,1
They're,1
that,102
tries,1
gc,1
JackSepticEye,2
-must,1
fb,1
on,78
-be,1
-no,1
episode,1
Click,1
4Man,1
listen!,1
commit,1
Marc-Andre,1
literally,3
Refs,1
mean,4
kickball,1
somali,1
would,14
couple,1
lit,1
meant,5
Sending,1
release,1
Holding,1
Cruising,1
lean!,1
IKEA,1
YTN,1
portage,1
20,1
group,1
brand,1
reputation,1
said,12
Stand,1
fw,1
Trafford,1
ships,1
